X_Lorenz,Y_Lorenz,Z_Lorenz
0.1,0.0,0.0
0.09000000000000001,0.028000000000000004,0.0
0.08380000000000001,0.05292000000000001,2.5200000000000006e-05
0.080712,0.07585477888240001,6.887496000000003e-05
0.08022627788824001,0.0976955355032183,0.00012826220353156272
0.08197320364973784,0.1191818350569015,0.00020321936990127048
0.0856940667904542,0.14094234714283113,0.0002954973550685918
0.0912188948256919,0.16352700914902918,0.00040839665469670754
0.09844970625802563,0.1874326570738177,0.0005466736077253812
0.10734800133960484,0.2131237100567657,0.0007166225451734904
0.11792557221132093,0.241049144051308,0.0009262966537622831
0.13023792939531964,0.2716567204893355,0.0011858539920949517
0.14437980850472124,0.3054052290834467,0.0015080313068009611
0.16048235056259377,0.3427753458812212,0.0019087606235336876
0.17871165009445653,0.38427958735602,0.002407954272458701
0.19926844382061287,0.43047175021409384,0.0030304945500665807
0.22238877445996097,0.4819561581623945,0.003807475719803786
0.2483455128302043,0.5393969860309685,0.0047777594275140115
0.27745066015028075,0.603527894411964,0.005989920720596245
0.31005838357644905,0.6751621812353412,0.007504681628617429
0.34656876334233827,0.7552036379298432,0.009397953730845425
0.3874322508010888,0.844658284914375,0.011764641540046021
0.4331548542124174,0.9446471522740189,0.01472339637046643
0.48430408401857755,1.0564202648246719,0.01842255746250827
0.541515702099187,1.1813719845034554,0.023047575750453807
0.6055013303396138,1.3210578550045513,0.02883028852672869
0.6770569828061076,1.4772130811690276,0.03606050371929112
0.7570725926423996,1.651772755384581,0.04510046460375684
0.8465426089166177,1.8468939105139375,0.056402904371407506
0.9465777390763497,2.064979427287281,0.07053357081549014
1.0584179078974427,2.3087037448758707,0.08819931116895144
1.1834464915952856,2.5810402043343417,0.1102830634138445
1.3232058628691912,2.8852896788928835,0.1378874114676672
1.4794142444715603,3.2251098893946297,0.1723887360203997
1.6539838089638672,3.60454443543617,0.21550443816342085
1.8490398716110974,4.028050049076869,0.2693762344947519
2.0669408893576744,4.500519838656755,0.3366731196974402
2.3102987842875824,5.027299254915834,0.4207182546176923
2.5819988313504076,5.61419007324549,0.5256447347300397
2.885217955539916,6.267435704383365,0.6565858638848945
3.223439730424261,6.993678441652364,0.8199060878094191
3.6004636015470712,7.799875603168017,1.0234789349741733
4.020404801709166,8.693156669046271,1.2770178454328764
4.487679988442876,9.680597160057909,1.59246412436377
5.006971705604379,10.76887689138913,1.9844326358944242
5.583162224182854,11.963780219448452,2.4707090512337953
6.221224023709414,13.269484145607215,3.072780734330734
6.926050035899195,14.687567457549681,3.816364250237409
7.702201778064244,16.215662495502347,4.731862808064083
8.553547849808055,17.84566474706704,5.854642844902519
9.482759539533953,19.561421820368526,7.224956508961825
10.490625767617411,21.33585502065359,8.887253595795649
11.57514869292103,23.127543169625884,10.88852487111261
12.730388140591515,24.87694642765054,13.275211718786638
13.945043969297418,26.50269966445283,16.088137910719254
15.200809538812958,27.898787073720573,19.354934021025528
16.47060729230372,28.933919216951992,23.079643933846747
17.716938484768544,29.45499254982162,27.229778970774063
18.89074389127385,29.29690221026811,31.722174442298474
19.931359723173276,28.300786747084373,36.410652555122546
20.768302425564386,26.341421463785792,41.08043343136882
21.325614329386525,23.36142327554663,45.45562127932388
21.529195224002535,19.40529056996423,49.22543840814052
21.316804758598703,14.6415715922256,52.09056294118266
20.649281441961392,9.359817608884102,53.82259649265631
19.520335058653664,3.934038807404608,54.32006233336488
17.96170543352876,-1.2430659357887608,53.63946489435133
16.04122829659701,-5.8359204354872745,51.985803322104374
13.85351342338858,-9.625178700803914,49.663361913250654
11.505644210969331,-12.530063664405304,47.00558017222296
9.102073423431868,-14.591477462607758,44.3104334896626
6.732718334827906,-15.93015031989079,41.800694937728196
4.466431469356037,-16.700010735097976,39.61347758803584
2.3497872489106353,-17.05171864542564,37.811223650829966
0.40963665947700756,-17.11174434128069,36.40224524302417
-1.3425014405987625,-16.975045574602472,35.36142272531232
-2.9057558539991337,-16.706467912720566,34.646341684018665
-4.285827059871277,-16.346276771033203,34.207888408481864
-5.491872030987469,-15.916754642065543,33.99625120405674
-6.534360292095277,-15.428280652861545,33.96381230171039
-7.423752328171904,-14.884300863394873,34.06625008506505
-8.169807181694202,-14.285114472838178,34.2627903813417
-8.781337910808599,-13.630605429760488,34.51618227928776
-9.266264662703788,-12.922091390634394,34.79270027391638
-9.631847335496849,-12.163440891602754,35.06229012149125
-9.885006691107439,-11.361577479794814,35.29885977567406
-10.032663769976176,-10.526468927796936,35.480649542415826
-10.082044285758252,-9.670695822118125,35.59058412232829
-10.04090943939424,-8.808702811136072,35.616505714593124
-9.917688776568422,-7.955849341776129,35.55120610092219
-9.721504833089194,-7.127385728391658,35.39221031548095
-9.46209292261944,-6.337477788016143,35.14130718845996
-9.149631409159111,-5.598385888074198,34.80386370068682
-8.794506857050619,-4.919873578999039,34.38799234228967
-8.407043529245461,-4.308882418638515,33.90365783242524
-7.9972274181847665,-3.7694705106624307,33.36180991078618
-7.574451727432533,-3.302979673259466,32.77361477569763
-7.147304522015226,-2.9083747296880675,32.149834315930306
-6.72341154278251,-2.5826896866725604,31.500375799410975
-6.309339357171515,-2.3215181192674716,30.834010634601345
-5.910557233381111,-2.119495589719468,30.158242807394785
-5.531451069014946,-1.9707364574558732,29.479296999086948
-5.175379607859039,-1.8692025032114135,28.80219273528804
-4.844761897394276,-1.8089939589414756,28.13087258752782
-4.5411851035489965,-1.7845635540973792,27.468357435242705
-4.265522948603834,-1.7908607915112895,26.816908237918266
-4.01805673289458,-1.8234172342108144,26.178180262946576
-3.7985927830262036,-1.8783848124745837,25.553361394882636
-3.6065719859710414,-1.952538801830559,24.943290614276552
-3.441168667556993,-2.0432558382103028,24.34855591533788
-3.3013773846223238,-2.148475629582956,23.76957297063139
-3.186087209118387,-2.2666532345076518,23.20664697996373
-3.0941438116573137,-2.3967071096218406,22.660020609277748
-3.0244001414537665,-2.537966680387431,22.129910957746254
-2.9757567953471327,-2.6901219948809407,21.61653826674471
-2.9471933153005136,-2.8531770712378597,21.12014873436398
-2.9377916908942483,-3.027407817128924,20.641033412031483
-2.946753303517716,-3.2133248479146577,20.179544789678406
-2.97341045795741,-3.411641121695786,19.73611235139566
-3.017233524331248,-3.62324401005628,19.31125811592559
-3.077834572903751,-3.849171202924621,18.905612965773983
-3.1549682359058377,-4.090589679228459,18.519934408740546
-3.2485303802381,-4.348776840583449,18.155126296215034
-3.3585550262726347,-4.625102785341141,17.812260931817747
-3.4852098021794853,-4.921012580025705,17.492603929036623
-3.6287900799641073,-5.238007252044485,17.19764210373452
-3.7897117971721452,-5.5776220712659415,16.92911460185159
-3.968502824581525,-5.941400500538321,16.68904734743866
-4.165792592177205,-6.330861971036914,16.47979073152386
-4.382299530063175,-6.7474613756360355,16.30406022436031
-4.618815714620461,-7.192537875704005,16.16497925319973
-4.876187930728816,-7.667250295028768,16.066123209464113
-5.155294167158811,-8.172496051806638,16.0115627907167
-5.457014355623594,-8.70881029547225,16.005903995234327
-5.78219394960846,-9.276241733324866,16.05432091672269
-6.1315987279801005,-9.874201649184522,16.162575980532118
-6.505859020100543,-10.50128297329598,16.33702037710418
-6.905401415420086,-11.155047155371676,16.584565165925863
-7.330365989415245,-11.831778282426473,16.91261087899232
-7.780507218716368,-12.526206700842682,17.328920573377204
-8.255077166928999,-13.2312087389376,17.84141844134421
-8.752690324129858,-13.937495398280678,18.457893774425116
-9.271170831544941,-14.633311452621957,19.185589084925137
-9.807384893652642,-15.304177431826671,20.03065267907841
-10.357064147470044,-15.93272022278318,20.99744152651642
-10.914629755001357,-16.498652493618142,22.087671806386567
-11.473032028863036,-16.978974700915426,23.299434059125645
-12.023626296068276,-17.348482389840616,24.62611902315754
-12.55611190544551,-17.580660406271885,26.05533920646699
-13.058566755528147,-17.649027587626495,27.56797755528905
-13.517612838737982,-17.528953251091675,29.137541536379796
-13.918746879973352,-17.199895257813104,30.73003646390895
-14.246861717757326,-16.647909440092512,32.30457870942692
-14.486966489990845,-15.86816296942751,33.814927914002986
-14.625086137934511,-14.867074681414499,35.212011954921
-14.64928499228251,-13.663640973915022,36.44734744780437
-14.550720590445762,-12.289528562258708,37.47704388912068
-14.324601387627057,-10.787655100096256,38.26587101505475
-13.970906758873976,-9.209233447220758,38.79073638014743
-13.494739427708655,-7.60957739448226,39.04293016146175
-12.906223224386016,-6.043266970064328,39.028677998091304
-12.219927598953847,-4.559448499231274,38.767870776677626
-11.453879688981589,-3.198028001380046,38.2912221948172
-10.628294520221434,-1.987303512646113,37.63642121598676
-9.764195419463903,-0.9432432494754757,36.84399978722851
-8.88210020246506,-0.07026539485875727,35.95359324039544
-8.00091672170443,0.6368833803982411,35.00107179676391
-7.137136711494162,1.1906644706800753,34.0167533733035
-6.304356593276738,1.608181739819382,33.024660598967785
-5.5131027599671265,1.9088724441819922,32.042617471449134
-4.7709052395522145,2.112657375133548,31.08290957280604
-4.082548978083638,2.2386134957218724,30.153239102793847
-3.450432730703087,2.3041344017514613,29.257760234326508
-2.8749760174576324,2.3244912285329162,28.398050687187045
-2.3550292928585774,2.31269017804154,27.573940770180496
-1.8882573457685656,2.2795294565939477,26.784171151829742
-1.4714786655323142,2.23377618449046,26.026883205367856
-1.1009531805300368,2.182404429966508,25.299963446567528
-0.7726174194803823,2.1308542473563548,24.601270503675316
-0.4822702527967086,2.083286528753169,23.928773272478495
-0.22571457464172084,2.042819348034892,23.28062558067037
0.0011388176259404803,2.011738838658203,22.655197957517046
0.20219881972916676,1.9916823178193526,22.051082255353073
0.3811471695381853,1.983794136107494,21.46708055334971
0.5414118661951162,1.9888562323055363,20.902186247126288
0.6861563028061581,2.007396075880968,20.35556251751285
0.8182802801136391,2.0397749047223206,19.826521391742784
0.9404297425745072,2.086259119325773,19.314505230433692
1.0550126802496338,2.14707750423527,18.81907155888744
1.1642191626481975,2.2224666884113,18.33988159057491
1.2700439152245078,2.31270697118422,17.876692464562872
1.374310220820479,2.4181503528456614,17.42935305967236
1.4786942340229972,2.5392423306249747,16.997803198868393
1.5847490436831948,2.6765387570329207,16.58207607682939
1.6939280150181675,2.8307188096435123,16.182303803803165
1.807607094480702,3.0025948881441917,15.798726041311355
1.9271058738470508,3.193120032957032,15.431701798426328
2.053707289758049,3.4033932455126013,15.081724554182394
2.188675885333504,3.6346628775992555,14.749440967919755
2.3332745845600793,3.888328039030284,14.435673532023745
2.4887799300071,4.165937740684027,14.141447607735463
2.6564957110747924,4.469187233805385,13.868023360582587
2.837764863347852,4.799910714783546,13.616933171486327
3.0339794484914213,5.160069224367112,13.390025133316222
3.2465884260789903,5.551732167008388,13.189513236223018
3.47710280017193,5.9770503944570486,13.01803477723807
3.7270975596004416,6.4382182227939175,12.878715369811742
3.998209625919789,6.937421070997962,12.775241634213598
4.292130770427606,7.4767646147918825,12.71194116101913
4.610594154864034,8.058180446272939,12.693868578055879
4.9553527840049245,8.683302242486173,12.726895412618646
5.3281477298530495,9.353305433436097,12.817799794365415
5.730663500211354,10.0687024347,12.974349730966852
6.164467393660218,10.829084865989893,13.205370526844646
6.630929140893186,11.6328041272155,13.520782718391196
7.131116639525418,12.476582724042785,13.931591511341988
7.665663247977155,13.355051515453455,14.449802071051238
8.234602074724785,14.260213542966508,15.088227291591735
8.837163221548957,15.180844510867178,15.860146404085262
9.47153135048078,16.101854742886573,16.778765174477876
10.13456368972136,17.003658969868102,17.856423656473176
10.821473217736033,17.861629585119655,19.103499006851525
11.525488854474395,18.64574576155764,20.526963828473757
12.23751454518272,19.320592254982163,22.12859147596308
12.945822316162664,19.84590080456846,23.90285599068962
13.635830165003243,20.1778507800054,25.834661552805894
14.29003222650346,20.271334145362253,27.89715470804039
14.888162418389339,20.0833174292731,30.050010764607112
15.407677919477715,19.5772753227512,32.23871406208846
15.824637659805063,18.728415158909485,34.395418547571666
16.115015409715504,17.529079195339207,36.44191122462452
16.256421788277873,15.993373108663071,38.29494073881135
16.23011692031639,14.159850388222019,39.87369250982699
16.023090267106955,12.091137707236028,41.10855431664858
15.629895011119862,9.86983083929432,41.94970011068859
15.053888593937307,7.590809049234679,42.37368563902706
14.307580639467044,5.351102335800433,42.3864326263033
13.411932809100383,3.239240863291487,42.0217410380636
12.394663614519494,1.326261967967427,41.33560608515815
11.287823449864288,-0.33990416692499203,40.39770896579746
10.12505068818536,-1.7359366251429555,39.282068944448305
8.938951956852527,-2.860892458192936,38.05878264271919
7.758967515347981,-3.7314332814878957,36.788147969871595
6.609927435664393,-4.375988494856067,35.51760999450749
5.511335842612347,-4.829137175440705,34.28122406388428
4.4772885408070415,-5.127025156873944,33.100908120808384
3.516857171038943,-5.3041372800752535,31.988665527753817
2.6347577259275234,-5.391371576916069,30.949095514717637
1.8321447956431642,-5.415159383065913,29.981736721835578
1.1074143777722565,-5.397316075447714,29.083010181774004
0.4569413324502595,-5.355336325158939,28.247692589360042
-0.12428643331066047,-5.302914771725552,27.469950041815736
-0.6421492671521496,-5.250544404196089,26.74400884433193
-1.1029887808565435,-5.206104298155746,26.064551607562787
-1.5133003325864638,-5.17539103380204,25.42691964435613
-1.8795094027080215,-5.162575557043695,24.82718766356714
-2.207816018141589,-5.170583107666793,24.26216041888856
-2.5040927270941093,-5.20140189759434,23.729326436467254
-2.7738236441441324,-5.256329504720751,23.226792324786054
-3.0220742302017944,-5.33616657275273,22.75321250674116
-3.253483464456888,-5.441366719772429,22.307723088103867
-3.4722717899884423,-5.572150340654343,21.889884438889354
-3.6822596450550322,-5.728588656211938,21.499634391559923
-3.886892546170723,-5.910663109230444,21.137252316103883
-4.089269602476695,-6.1183041063260015,20.803333378163053
-4.292173052861625,-6.351412165821106,20.49877177141911
-4.498096964157574,-6.609863740823693,20.22475145897215
-4.709273641824185,-6.893503321995135,19.982742833660502
-4.927696609841281,-7.202122867306871,19.774503626370546
-5.15513923558784,-7.5354291445797585,19.602082294036215
-5.393168226487032,-7.892999203766478,19.467821963930735
-5.643151324214976,-8.274223926597406,19.37436277006699
-5.906258584453219,-8.678239448894377,19.324640073280833
-6.1834566708973355,-9.1038462448095,19.321875600423073
-6.475495628288552,-9.549415844455813,19.3695579723447
-6.782887649905279,-10.012785582214052,19.47140843195034
-7.105877443136156,-10.491142510572015,19.631326870432492
-7.444403949879741,-10.980898741670028,19.8533125497403
-7.79805342905877,-11.47756207658482,20.141353341404404
-8.166004293811374,-11.975607921057197,20.49927700871909
-8.546964656535957,-12.468361203381521,20.93055827886346
-8.939104311220513,-12.947900276667653,21.438076483396028
-9.339983907765227,-13.404998461872715,22.02382075568293
-9.746485363175976,-13.829122656972407,22.688543568039808
-10.154749092555619,-14.208511754115152,23.431369155176213
-10.560125358711572,-14.53035963583096,24.24937136278818
-10.957148786423511,-14.781127125301953,25.137145652395873
-11.339546620311356,-14.947003064454512,26.08641185976172
-11.700292264725672,-15.014525253093035,27.085696591001263
-12.031715563562408,-14.971356171601307,28.12015468534749
-12.325679624366298,-14.80718593990799,29.17159488431314
-12.573830255920468,-14.514707048573008,30.218771987735394
-12.767917935185721,-14.090575354583518,31.237992694494146
-12.9001836771255,-13.53624535105736,32.20405265384303
-12.963789844518686,-12.858552383317967,33.091478429679974
-12.953266098398615,-12.069918295882076,33.8759947129092
-12.864931318146962,-11.188085881832293,34.53608348862319
-12.697246774515495,-10.235342371305853,35.054460826772925
-12.451056334194531,-9.23726664780591,35.4192818838269
-12.129677365555668,-8.221115014379874,35.62490497431626
-11.738821130438089,-7.214027491421308,35.672102235430025
-11.28634176653641,-6.2412728581456225,35.567687959337135
-10.781834875697331,-5.324745002648352,35.32362766577387
-10.236125888392433,-4.481876110787242,34.955769475090726
-9.660700910631913,-3.7250560297027095,34.48238610328361
-9.067136422538994,-3.0615615360950863,33.922722328979084
-8.466578933894603,-2.4939246072374233,33.29571236134403
-7.869313501228885,-2.020619693979843,32.61897679379843
-7.284444120503981,-1.6369317325870354,31.90814631101732
-6.719692881712286,-1.3358756810875707,31.17650378674129
-6.181311161649814,-1.1090656254317193,30.434897095478757
-5.674086608028005,-0.9474664032398865,29.691854636894156
-5.201424587549193,-0.8419944418281755,28.953831910878776
-4.765481572977091,-0.7839616498735548,28.225525432511724
-4.367329580666738,-0.7653746604460961,27.51020430227534
-4.007134088644674,-0.7791119062331973,26.810025288163256
-3.684331870403526,-0.8190046694951266,26.126311339262262
-3.397799150312686,-0.8798475312798728,25.459784553606905
-3.1460039884094044,-0.9573604748207303,24.810752417452594
-2.927139637050537,-1.048120726219715,24.179250951708507
-2.739237745967455,-1.1494781787822892,23.565150883550935
-2.5802617892489383,-1.2594644579689434,22.96823380014444
-2.4481820561209386,-1.3767025539684703,22.388245045632065
-2.341034105905692,-1.5003215062550992,21.824929362640958
-2.256962845940633,-1.6298788008768914,21.278054284463536
-2.194254441434259,-1.7652918301920786,20.747425262514163
-2.151358180310041,-1.9067788551857798,20.232895583235383
-2.126900247797615,-2.05480930287721,19.734373343897232
-2.1196911533055744,-2.2100628436791134,19.251827132214636
-2.1287283223429285,-2.373396461596647,18.78529158193554
-2.1531951362683004,-2.545818604897337,18.33487363576342
-2.192457483131204,-2.7284694496372905,17.900760114521923
-2.2460586797818127,-2.922606295749453,17.483227044091525
-2.3137134413785767,-3.129593124601087,17.082651108630614
-2.395301409700828,-3.3508933620968846,16.699523562518152
-2.4908606049404334,-3.588064899885828,16.33446693012421
-2.6005810344349727,-3.8427564184808043,15.98825484039185
-2.724798572839556,-4.116704020821427,15.661835372599946
-2.863989117637743,-4.411727114295204,15.356358321737984
-3.0187629173034893,-4.729722364890787,15.073206817611593
-3.189858862062219,-5.072654380228336,14.81403374065135
-3.3781384138788306,-5.4425415496984195,14.580803356190149
-3.5845787274607894,-5.841435170859914,14.375838520140091
-3.810264371800702,-6.27138961335328,14.201873668782746
-4.056376895955959,-6.7344208087941695,14.062113561669616
-4.324181287239781,-7.23244980597524,13.960297356456136
-4.615008139113327,-7.76722750241172,13.900767001402963
-4.930230075443166,-8.340235977825408,13.888538062785301
-5.27123066568139,-8.952561158560428,13.929369870319373
-5.639363714969294,-9.604730917225154,14.029830156264776
-6.03590043519488,-10.29651229714009,14.197347062364148
-6.461961621389401,-11.026661562899891,14.440238371254077
-6.91843161554045,-11.79262153967234,14.767703986335723
-7.405850607953639,-12.590162675146864,15.189763003601827
-7.924281814672961,-13.412968062873452,15.717111295858828
-8.47315043949301,-14.252169098143495,16.360869716983434
-9.051052305358057,-15.095848425890642,17.13218758644051
-9.655531917411317,-15.928541327631201,18.04166238776703
-10.282832858433306,-16.73078638094762,19.09853678262739
-10.927628210684738,-17.47880110173549,20.309641267878362
-11.582745499789812,-18.144386901032316,21.678069234150996
-12.238909639914063,-18.695196183303196,23.20160554515074
-12.884538294252977,-19.09551538296581,24.87098423182586
-13.50563600312426,-19.307719464019762,26.668126977647038
-14.085844349213811,-19.294520191802366,28.564607236224667
-14.606711933472667,-19.022045293405338,30.52068045873692
-15.048245269465934,-18.463636307100245,32.485291006366346
-15.389784373229364,-17.60404235234194,34.397469856684516
-15.611210171140621,-16.443445112532427,36.189428152836996
-15.694433665279803,-15.00054182065316,37.7913975113216
-15.625044480817138,-13.313832015128403,39.137876996494654
-15.393923234248264,-11.440395460056129,40.17449245105322
-14.99857045682905,-9.451859483381085,40.86429834717393
-14.443899359484254,-7.4278800371696985,41.19222752867801
-13.7422974272528,-5.448129169281573,41.166643645025275
-12.912880601455676,-3.5842485467029053,40.81756459582152
-11.980017395980399,-1.8932892489629884,40.19192594189477
-10.971344581278657,-0.41376150772931775,39.346957631492906
-9.915586273923724,0.8352899285907576,38.343100628744104
-8.840498653672276,1.8525160955467188,37.237794051804116
-7.771197178750376,2.650657993370012,36.0810145499368
-6.729011661538337,3.2521429881554083,34.912866302739396
-5.730896196568962,3.6847891379317423,33.76301945374347
-4.7893276631188915,3.9782139092345385,32.65150082775299
-3.9125735058835485,4.161207386035971,31.5902644397599
-3.1051954166915965,4.260067047436816,30.585047090322057
-2.3686691702787552,4.297737140730447,29.63716242787514
-1.702028539177835,4.293538731019608,28.745038921793036
-1.1024718121580905,4.263284118786313,27.905427296002614
-0.5658962190636502,4.219608640194883,27.11428106242738
-0.08734573313779681,4.17240030381368,26.367354961675172
0.33862887055735086,4.12925025499728,25.66058108239569
0.7176910090013437,4.095879700305596,24.990281753699456
1.0555098781317689,4.076521380552512,24.353270000616074
1.3576110283738432,4.0742477621192785,23.746877553122197
1.6292747017483866,4.091246143887142,23.168939921980744
1.8754718459622621,4.129044922125704,22.617759162469866
2.1008291535786063,4.188696884494208,22.09205799315894
2.3096159266701664,4.270925683705499,21.590933811979195
2.5057469023736996,4.376241240297805,21.113817556800193
2.69279633616611,4.505029131157108,20.66043995127135
2.87401961566521,4.657618243928414,20.23080614529113
3.0523794784915306,4.834330216852519,19.825178843370004
3.2305745523276292,5.035513478072351,19.444069511008525
3.4110684449021016,5.261564056383827,19.088237007716597
3.596118006050274,5.512934751134232,18.758692905413106
3.78779968055867,5.79013371204573,18.456712733849432
3.988033083707376,6.09371297950732,18.183852393862235
4.19860107328737,6.42424706379057,17.941968953008164
4.42116567233769,6.782301192643241,17.733244953765556
4.657279224368245,7.168388430483923,17.560215193788835
4.908390144979813,7.5829144750275095,17.42579465371608
5.175842577984582,8.026108583404163,17.33330582307815
5.46086917852654,8.497938796442645,17.28650307987784
5.764576140318151,8.99800945973156,17.289590984959414
6.087919472259491,9.525439047745758,17.34723233177975
6.431671429808118,10.078716574476445,17.46454052820488
6.79637594427495,10.655535545578141,17.647049381864687
7.182291904405269,11.252605635455973,17.900651652901633
7.589323277510339,11.865444257832747,18.231495925747595
8.01693537554258,12.488153168826203,18.645829624100706
8.464057154870943,13.113189431091936,19.149774669934924
8.928970382493043,13.73114566705259,19.74902186034411
9.409187910948997,14.330561604737914,20.448431207189703
9.901325280327889,14.897797286630638,21.25152917841541
10.400972480958163,15.417007361257438,22.159901102610828
10.90257596898809,15.870264366823053,23.172489099572886
11.399344808771586,16.23788476648507,24.28482368598974
11.883198804542934,16.49901167710806,25.48824086187931
12.344780091799446,16.632498892211135,26.769164797271365
12.773551971840615,16.618117802358327,28.108565814691907
13.158008554892385,16.43806891357142,29.481727973859396
13.48601459076029,16.078722330875053,30.85847107512998
13.745285364771766,15.53244128130161,32.203957352676156
13.92400095642475,14.799270933749952,33.48016353483531
14.01152795415727,13.888220201408343,34.648009800265605
13.999197178882376,12.81785024783493,35.67001472811377
13.881062485777631,11.615931259918614,36.51321046565234
13.65454936319173,10.318047883036465,37.151939529729226
13.320899215176205,8.965211303429767,37.570104083776755
12.88533042400156,7.600735270608105,37.76248140370017
12.356870908662215,6.266799931453551,37.734861753872984
11.747863810941348,5.001207632076201,37.50297915140355
11.073198193054834,3.8347985070663997,37.09043476888484
10.34935822445599,2.789848663426751,36.525991347373015
9.593407268353067,1.8795647900667283,35.8406963435413
8.822023020524433,1.1085792092552764,35.06525874623053
8.050678639397518,0.47419466411065003,34.227984292705635
7.293030241868831,-0.03194228364834162,33.35341393343287
6.560532989317114,-0.422048957949537,32.46166000146824
5.862274794590449,-0.7105371446375319,31.568327073645072
5.204993600667651,-0.9126169118179986,30.684851378411583
4.593232549419086,-1.0432370851335788,29.819087023128535
4.02958558596382,-1.1163596115308416,28.975993063816475
3.5149910662143533,-1.1445244912350885,28.158315249454265
3.049039510469409,-1.13864401319751,27.367196909184603
2.630271158102717,-1.1079631568031019,26.60268728576036
2.2564477266121354,-1.0601304119239234,25.86413985611762
1.9247899127585295,-1.0013345401444356,25.150508171375503
1.632177467468233,-0.9364744634607484,24.460554367250488
1.375312274375335,-0.8693396847351149,23.79298799227594
1.15084707846429,-0.8027867353610906,23.14655217709174
0.9554836970817518,-0.7389031055327513,22.520071938012425
0.7860450168203016,-0.6791542552333245,21.912476587621498
0.6395250896149389,-0.6245120382502208,21.322805420438474
0.513121376828423,-0.5755645832490139,20.750203364721173
0.4042527808206793,-0.5326086811043204,20.193911263414506
0.31056663462817935,-0.4957262635023005,19.653253877652528
0.2299373448151314,-0.4648467923341449,19.127627547208267
0.16045893110020376,-0.43979742677074496,18.61648862291096
0.10043329531310888,-0.4203427704476944,18.11934323205
0.04835568873702855,-0.4062158735525876,17.635738581766027
0.002898532508066931,-0.39714200482576856,17.165255791102183
-0.037105521225316615,-0.39285653619445005,16.707504125382677
-0.07268062272222996,-0.3931181102861297,16.26211645350456
-0.10472437147861993,-0.39771809603927144,15.82874573543503
-0.13402374393468508,-0.40648718460850913,15.407062356933096
-0.1612700880020675,-0.4192998392630226,14.996752150091641
-0.187073063128163,-0.43607719012106655,14.597514964642302
-0.21197347582745335,-0.4567888575107932,14.209063681875671
-0.23645501399578733,-0.48145409599836403,13.831123588244111
-0.260954922196045,-0.5101425737408436,13.46343204824101
-0.2858736873505249,-0.542975037591923,13.105738435777644
-0.3115838223746647,-0.5801240619532781,12.757804300251596
-0.33843784633252605,-0.6218150373088482,12.41940375830497
-0.36677556543015827,-0.6683275213019189,12.090324115503943
-0.3969307610173343,-0.7199970497723657,11.770366734469018
-0.42923738989283744,-0.7772174861058366,11.459348177985476
-0.46403539951413736,-0.8404439733968555,11.157101667957015
-0.5016762569024091,-0.9101965442277427,10.863478914361139
-0.5425282856349425,-0.9870644363311903,10.578352383265045
-0.5869819007045672,-1.0717111581123113,10.301618090142517
-0.6354548264453417,-1.164880345059623,10.033199024931333
-0.6883973783067698,-1.2674024455629294,9.773049339308159
-0.7462978850323858,-1.3802022716007711,9.521159455467792
-0.8096883236892244,-1.5043074450471143,9.277562290350776
-0.8791502358250134,-1.6408577626416612,9.042340831009689
-0.9553209885066781,-1.791115490306325,8.815637347072581
-1.0389004386866427,-1.956476578337914,8.59766458669127
-1.1306580526517698,-2.138482760278853,8.388719374801322
-1.231440523414478,-2.3388344562930095,8.18919911900695
-1.3421799167023312,-2.55940434179158,7.999621831103805
-1.463902359211256,-2.8022513574211065,7.820650393337104
-1.5977372590322412,-3.069634818812321,7.653121939913765
-1.7449270150102492,-3.3640281224400517,7.498083387399123
-1.9068371257532295,-3.688131322783798,7.356834332569478
-2.0849665454562865,-4.04488155643327,7.230978741010333
-2.2809580465539847,-4.437459885937576,7.1224870685050234
-2.496608230492344,-4.8692925982094835,7.033770678342455
-2.7338766672640578,-5.34404427909579,6.967770620026975
-2.994893428447231,-5.865599047929371,6.928062983127382
-3.281963990395445,-6.438025114414935,6.918983077336152
-3.597570102797394,-7.065516247481783,6.945770527888234
-3.9443647172658327,-7.752301749870016,7.014736880605578
-4.325158420526251,-8.502514046678108,7.13345628545395
-4.742893983141437,-9.319999978753806,7.310977986754837
-5.200604582702674,-10.20805835920328,7.558056291995806
-5.701349960352735,-11.169082436883214,7.88738887504294
-6.248123208005783,-12.20408195891302,8.3138469821288
-6.843719083096507,-13.312056234797032,8.85467047313759
-7.49055279826656,-14.489188242800655,9.529585660080597
-8.190416342719969,-15.72783249856291,10.360783671178995
-8.944157958304263,-17.015279430500765,11.37267106993214
-9.751270105523913,-18.33230119994785,12.59127331071146
-10.609373214966308,-19.65152474724285,14.043138228990937
-11.513588368193961,-20.935745054153728,15.75355814575097
-12.455804036789937,-22.136392508460645,17.743918769214062
-13.423862883957009,-23.19250596333673,20.028013273703525
-14.400727191894982,-24.03072947096865,22.60726311960997
-15.363727419802348,-24.56701550258064,25.46500256309021
-16.28405622808018,-24.710815443860632,28.560345125071546
-17.126732149658224,-24.37246037418407,31.822659003031692
-17.85130497211081,-23.474039201998195,35.14826076951894
-18.41357839509955,-21.963240979809633,38.40139614288665
-18.768544653570558,-19.828339337056242,41.421577508331545
-18.874524121919126,-17.11102117582089,44.03849283064627
-18.698173827309304,-13.912721765950081,46.09375684116604
-18.21962862117338,-10.390392442238685,47.466014891975526
-17.43670500327991,-6.7398528971560525,48.09334541011454
-16.367019792667527,-3.1688370037327362,47.986064466510264
-15.047201513774048,0.13397449331361733,47.22508026033497
-13.529083913065282,3.0254713163378804,45.94558537474008
-11.873628390124965,5.423089907213857,44.311051211593934
-10.143956560391082,7.305572615529358,42.48550563643982
-8.399003642799038,8.701920288687521,40.61148470686096
-6.688911249650381,9.674140145740942,38.79763717930434
-5.052606110111249,10.299643112266454,37.11593887267415
-3.517381187873479,10.65723916561853,35.605780105526144
-2.099919152524278,10.818191052585144,34.281436910487294
-0.8081081320133356,10.841914238796344,33.140091993671064
0.3568941050676324,10.775032597802202,32.168741816543545
1.3987079543410894,10.652404278025447,31.349364157596387
2.3240775867095254,10.499032412353042,30.66237713935913
3.141573069273877,10.332166377859988,30.088719408093084
3.860632400132488,10.16322606766404,29.610946113610023
4.490891766885643,9.999401099376696,29.213685682380703
5.041742700134749,9.844901777997023,28.883716344893664
5.522058607920976,9.70189805590848,28.609838525757432
5.940042552719726,9.571203434543389,28.382653995131914
6.303158640902092,9.452761590057436,28.194316778747645
6.618118935817627,9.345985879326507,28.038290890281953
6.890905630168515,9.249991883872799,27.909131594426317
7.126814255538943,9.163753621109793,27.802296296757536
7.330508192096028,9.086206060605107,27.71398542825572
7.506077978946936,9.016310321611359,27.64101089645895
7.657101213213378,8.953093220442959,27.58068855611737
7.7867004139363365,8.89566938989521,27.530750937556903
7.897597311532223,8.843251714683905,27.48927670442743
7.992162751847392,8.795154066797574,27.4546337353136
8.07246188334241,8.750789085597006,27.425433196332758
8.140294603567868,8.709662880961414,27.400492424523723
8.197231431307223,8.671367934966275,27.37880484402428
8.244645081673129,8.635575060192012,27.35951547940632
8.283738079525017,8.602024985116097,27.341900914429797
8.315566770084125,8.570519939817322,27.325352776013986
8.341062087057445,8.540915480792224,27.30936401012583
8.361047426430922,8.51311270269527,27.293517366245123
8.376253954057356,8.487050923736062,27.277475627016454
8.387333651025227,8.462700890859765,27.260973215544986
8.394870375008681,8.440058524133851,27.243808889401812
8.399389189921198,8.41913920241457,27.22583929169367
8.401364191170535,8.399972581236524,27.206973178633866
8.401225030177134,8.382597926820791,27.187166182378444
8.399362319841499,8.36705994569235,27.166415999388864
8.396132082426584,8.353405086686987,27.144757919762196
8.391859382852624,8.341678290501376,27.12226063302692
8.386841273617499,8.331920161020683,27.099022261788356
8.381349162357818,8.324164532224916,27.075166587090006
8.375630699344528,8.318436404408803,27.050839439062525
8.369911269850956,8.314750223692664,27.02620523388064
8.364395165235127,8.313108479330381,27.00144364367663
8.359266496644652,8.313500594127538,26.976746390237782
8.354689906392942,8.315902084362822,26.952314156361364
8.35081112418993,8.32027396694838,26.928353610926177
8.347757408465775,8.326562393149652,26.905074545296483
8.345637906934162,8.334698489980346,26.882687119799918
8.34454396523878,8.344598392349578,26.86139921988039
8.34454940794986,8.356163451111716,26.8414139222558
8.345710812266045,8.36928060429159,26.822927072116045
8.3480677914686,8.383822900859343,26.806124973160866
8.351643302407673,8.399650168436695,26.791182193156985
8.356443989010575,8.416609818155845,26.77825948872405
8.362460571925102,8.434537781490112,26.7675018542525
8.369668292881602,8.453259575163054,26.759036701207005
8.378027421109747,8.472591491156798,26.75297217555222
8.387483828114453,8.492341909326333,26.74939562261189
8.397969636235642,8.51231273014019,26.748372210281836
8.409403945626096,8.532300924578006,26.749943723092915
8.421693643521287,8.552100197204997,26.75412754108126
8.434734298889659,8.57150275691209,26.760915818681344
8.448411144691901,8.590301187776769,26.77027487981738
8.462600149000387,8.608290410001585,26.782144845932983
8.477169175100506,8.625269717984253,26.796439513771283
8.491979229388882,8.641044879346682,26.813046499206287
8.506885794384662,8.655430275303122,26.83182766225041
8.521740242476508,8.66825105920404,26.852619826456365
8.53639132414926,8.679345306595065,26.875235803248614
8.550686722393841,8.688566126837737,26.899465728240454
8.564474662838231,8.695783703420096,26.925078712327966
8.577605566896418,8.70088722771402,26.951824805347183
8.589933732978178,8.703786689284247,26.97943726441837
8.601319028608785,8.704414485081335,27.00763511290317
8.61162857425604,8.702726810097614,27.036125969326697
8.620738397840197,8.698704793441934,27.06460911886246
8.628535037400372,8.692355346367634,27.092778793269144
8.634917068297097,8.683711692593457,27.120327618751976
8.639796530726734,8.672833556261004,27.146950185357387
8.643100233280162,8.659806988989258,27.1723466864574
8.644770908851072,8.644743824572917,27.196226572885475
8.644768200423256,8.627780757727459,27.218312163566576
8.643069456153675,8.609078051660758,27.23834215321773
8.639670315704384,8.588817887859786,27.256074958004778
8.634585072919924,8.567202380005542,27.271291841985313
8.627846803628486,8.544451282042573,27.283799770736504
8.619507251469894,8.520799427810237,27.293433943675502
8.609636469103929,8.49649394599345,27.30005996307413
8.598322216792882,8.471791299214544,27.30357560542828
8.585669125035048,8.446954199664024,27.30391216939088
8.571797632497946,8.422248455623118,27.301035383600198
8.556842714810463,8.397939803507443,27.294945867093055
8.54095242368016,8.374290778679486,27.28567914424117
8.524286259180093,8.351557675335478,27.27330522495572
8.507013400795632,8.329987641437402,27.25792776896969
8.489310824859809,8.30981594916036,27.239682860072197
8.471361337289864,8.291263474931911,27.218737422034934
8.453351551054068,8.274534416155038,27.19528731250222
8.435469837564165,8.25981426444361,27.16955513424604
8.41790428025211,8.24726804796745,27.14178780491544
8.400840657023643,8.237038848591444,27.11225392679808
8.384460476180424,8.229246593154208,27.081240997277433
8.368939087877802,8.223987112677289,27.049052498773808
8.35444389035775,8.221331458685832,27.016004904194723
8.341132647190559,8.221325462261897,26.98242463050577
8.329151928697692,8.22398951899393,26.94864496919013
8.318635687727316,8.229318581630151,26.915003018315574
8.3097039771176,8.237282341943015,26.881836636882085
8.302461813600141,8.247825583979266,26.849481438273408
8.296998190638053,8.260868692385205,26.818267836148337
8.293385240812768,8.276308301714314,26.788518153122567
8.291677546902923,8.29401807538123,26.760543800217835
8.291911599750753,8.313849606048452,26.734642533371147
8.294105400380523,8.335633432541677,26.711095792351014
8.298258203596639,8.359180171708607,26.69016612723935
8.304350400407836,8.38428176679137,26.672094718198533
8.31234353704619,8.410712856709774,26.65709899551843
8.322180469012547,8.438232272997627,26.645370368868836
8.333785649411055,8.466584672857106,26.637072077185657
8.34706555175566,8.495502317771853,26.632337173589175
8.36190922835728,8.524707007241641,26.631266663042133
8.378189006245716,8.553912176383907,26.633927813956635
8.395761323259535,8.582825164328534,26.6403526684835
8.414467707366434,8.611149657477442,26.65053677958029
8.434135902377534,8.638588307807671,26.664438205952916
8.454581142920548,8.664845521499757,26.681976798388234
8.475607580778469,8.689630407347545,26.703033812621797
8.497009863435377,8.712659867771631,26.727451884498663
8.518574863869002,8.733661807985024,26.755035402577498
8.540083558280605,8.752378431165276,26.78555131131244
8.561313045569072,8.768569579639983,26.818730374369217
8.582038698976163,8.782016074406057,26.854268922384225
8.602036436519153,8.79252299812918,26.891831102509816
8.621085092680156,8.799922860488167,26.931051638431285
8.638968869460957,8.804078579730934,26.97153909929935
8.655479840487954,8.804886210979731,27.012879664397204
8.670420477537132,8.802277350519391,27.0546413576492
8.683606164835357,8.796221146326749,27.0963787126676
8.694867662984496,8.786725848677042,27.13763781539811
8.70405348155375,8.773839840917027,27.177961658105882
8.711032117490078,8.757652099425199,27.216895726029016
8.71569411568359,8.738292043249997,27.253993727120548
8.717953908440231,8.715928747645481,27.28882336648879
8.717751392360757,8.690769511286131,27.320972060961314
8.715053204253294,8.663057783783334,27.350052486079356
8.709853662206298,8.633070477583406,27.375707848089164
8.702175343744008,8.601114705663644,27.397616777292768
8.692069279935971,8.567524002888288,27.41549774643503
8.679614752231203,8.53265410368206,27.42911292843629
8.664918687376288,8.496878361127264,27.43827142135137
8.648114654751385,8.460582902099649,27.442831784405616
8.629361479486212,8.424161619183087,27.442703846655338
8.6088414934559,8.388011102574639,27.437849768479975
8.586758454367773,8.352525613935548,27.428284354927975
8.563335170324551,8.318092199284358,27.414074638104406
8.538810873220532,8.28508602987857,27.395338762556296
8.513438388886335,8.253866049068778,27.37224422232974
8.487481154904579,8.224770989942721,27.34500551052296
8.461210138408394,8.198115813903321,27.31388125138113
8.434900705957887,8.174188604883948,27.27917089108208
8.408829495850492,8.153247938431976,27.241211026326244
8.38327134010864,8.135520730077197,27.20037144980757
8.358496279105497,8.121200553852033,27.157050988879192
8.334766706580151,8.110446410042801,27.111673208621497
8.312334676926415,8.10338191159582,27.064682043530862
8.291439400393356,8.100094851314966,27.01653741367807
8.272304945485518,8.10063710717224,26.96771087195115
8.25513816165419,8.105024840691812,26.91868131939823
8.240126829557951,8.113238943336345,26.869930816183114
8.227438040935791,8.125225687911243,26.821940506667566
8.217216805633337,8.140897545931418,26.775186668982194
8.209584879663145,8.160134137346137,26.730136892416336
8.204639805431444,8.182783285645286,26.6872463802517
8.202454153452829,8.208662158821944,26.646954371424567
8.20307495398974,8.237558484592922,26.609680671709114
8.206523307050057,8.269231836346501,26.575822284000104
8.212794159979701,8.30341499418038,26.54575012772388
8.221856243399769,8.339815392820382,26.519805839372168
8.23365215834183,8.378116674902197,26.49829864955153
8.248098609997866,8.417980373806223,26.481502336661638
8.265086786378703,8.459047754730822,26.469652263219132
8.284482883213915,8.500941845761835,26.46294250776301
8.306128779468708,8.543269692153746,26.46152311301344
8.329842870737211,8.585624866707674,26.465497479274024
8.355421070334257,8.627590266864573,26.474919940694406
8.38263798998729,8.668741224810613,26.489793570628933
8.411248313469622,8.708648950438198,26.510068270576827
8.44098837716648,8.746884318396772,26.535639204664502
8.47157797128951,8.783021999746856,26.566345647886852
8.502722374135244,8.816644926027438,26.60197032088727
8.534114629324463,8.847349059090133,26.642239286437004
8.565438072301031,8.874748424186631,26.686822482491227
8.596369107489592,8.898480346986359,26.735334963304346
8.626580231439268,8.918210818044223,26.7873389132006
8.655743290099764,8.933639891451975,26.84234648694273
8.683532950234985,8.944507008816514,26.899823516090287
8.709630356093138,8.950596126219384,26.959194102341204
8.733726933105762,8.951740511367689,27.019846096872605
8.755528290931956,8.947827071677336,27.08113743964573
8.774758169006494,8.938800072387163,27.14240330527289
8.791162359344561,8.924664107690989,27.202963973361896
8.804512534179203,8.905486197778304,27.262133312472177
8.814609900539113,8.88139690078944,27.319227739319242
8.821288600564145,8.852590350871635,27.373575490127223
8.824418775594895,8.819323161243465,27.424526020533246
8.823909214159752,8.781912163523758,27.471459335573517
8.819709509096153,8.74073099027743,27.51379504320148
8.811811657214282,8.696205545183112,27.551000924363453
8.800251046011164,8.648808442619007,27.582600820346187
8.785106785671948,8.599052533866343,27.60818165390937
8.766501360491388,8.547483668637595,27.627399424127972
8.744599591306008,8.494672866504239,27.639984044916787
8.71960691882583,8.441208091576039,27.64574293248612
8.69176703610085,8.387685834429648,27.644563285738705
8.66135891593373,8.334702707249715,27.636413043900998
8.628693295065329,8.28284725141647,27.621340545447914
8.594108690700443,8.232692141868371,27.599472949659447
8.557967035817235,8.184786950491612,27.571013515178116
8.520649027284673,8.139651602945863,27.53623785728164
8.482549284850792,8.09777063141885,27.49548932621823
8.444071419507598,8.059588291655533,27.449173662303355
8.405623106722391,8.02550457809154,27.397753089440933
8.367611253859305,7.9958721377841,27.3417400076363
8.330437342251784,7.970994053606938,27.28169043761142
8.2944930133873,7.951122441089052,27.21819735779879
8.260155956157474,7.936457782214019,27.151884056952824
8.227786138763129,7.927148903976611,27.083397605639558
8.197722415284478,7.923293499687604,27.01340252820967
8.17027952372479,7.924939086784314,26.94257473471008
8.145745480030742,7.932084295845145,26.871595750593013
8.124379361612183,7.944680391029238,26.801147261911566
8.106409464553888,7.962632931548325,26.731905975628756
8.092031811253332,7.985803496243914,26.664538779202708
8.08140897975239,8.014011408095344,26.59969817105754
8.074669222586685,8.047035411762185,26.538017924068203
8.071905841504234,8.084615274369561,26.480108937817263
8.073176784790768,8.126453297058694,26.42655523207045
8.07850443601756,8.1722157418141,26.377910033553576
8.087875566597214,8.221534194291529,26.33469191054886
8.101241429366645,8.274006898423899,26.29738091490043
8.11851797627237,8.329200112146049,26.26641469856019
8.139586189859738,8.386649545355995,26.24218458164953
8.164292525409364,8.445861950937715,26.225031560991273
8.192449467962199,8.506316947022702,26.215242261998306
8.22383621586825,8.56746915336381,26.213044852481225
8.258199509617805,8.628750726413143,26.2186049540994
8.29525463129734,8.689574376093931,26.23202160549821
8.334686605776998,8.749336941983238,26.25332335022455
8.376151639397621,8.807423597338474,26.282464541749672
8.419278835191706,8.86321273580856,26.319321976673507
8.463672225253392,8.91608157755612,26.363691984612824
8.508913160483665,8.965412508798478,26.415288118417035
8.554563095315146,9.010600141558255,26.47373960011205
8.600166799939457,9.051059049049897,26.538590685151885
8.6452560248505,9.086232097266189,26.609301108927138
8.689353632092068,9.115599255961532,26.68524777384322
8.731978194479014,9.138686733718483,26.765727821575584
8.772649048402961,9.15507624386184,26.849963212516947
8.81089176794885,9.164414172716638,26.937106902504205
8.846244008425629,9.166420391418825,27.026250665695386
8.878261646724948,9.160896429647643,27.116434562606504
8.906525125017216,9.147732716702992,27.2066579951466
8.930645884185793,9.126914594525545,27.295892228058594
8.950272755219768,9.098526820335406,27.383094191232846
8.965098161731332,9.062756304659507,27.467221313260147
8.97486397602415,9.019892873863922,27.547247077111095
8.979366865808126,8.970327904102035,27.622176937933848
8.978462969637517,8.914550743907565,27.691064204497557
8.972071747064522,8.853142922467631,27.753025463162242
8.960178864604833,8.786770225885018,27.807255119018542
8.942838000732852,8.716172809714475,27.853038644505855
8.920171481631014,8.642153597562853,27.88976416155572
8.892369693224198,8.565565287410667,27.916932037856117
8.859689252642845,8.487296344827023,27.93416224851766
8.822449961861263,8.408256401571014,27.94119933732644
8.781030605832239,8.329361496596922,27.93791490202467
8.735863694908707,8.251519593085828,27.92430762025726
8.687429284726418,8.175616780276728,27.900500921461063
8.636248034281449,8.102504524560986,27.866738489932203
8.582873683309403,8.032988273859061,27.823377851263974
8.527885142364369,7.967817647043231,27.77088234510398
8.471878392832254,7.907678361023209,27.70981181986076
8.41545838965135,7.853185967144746,27.64081239910667
8.35923114740069,7.804881390567264,27.564605665790832
8.303796171717348,7.7632281954608215,27.481977590921055
8.249739374091696,7.728611438479949,27.393767500859518
8.197626580530521,7.701337925275282,27.300857335080767
8.147997715004998,7.681637650957778,27.20416139763079
8.101361708600276,7.66966618558437,27.104616753968973
8.058192156298686,7.665507759167706,27.003174373399528
8.018923716585588,7.6691788060307235,26.900791068431925
7.983949225530102,7.680631743678756,26.79842223808456
7.9536174773449675,7.699758784658558,26.69701538368423
7.928231608076326,7.726395608982379,26.59750433386266
7.908048008166932,7.760324757597157,26.500804090462683
7.893275683109954,7.801278642283871,26.407806188804127
7.8840759790273465,7.848942102788138,26.319374453812394
7.880562591403425,7.902954476744631,26.23634102731108
7.882801779937545,7.962911181218837,26.159502540692767
7.890812720065675,8.028364835888626,26.089616310602256
7.9045679316479704,8.098825986694797,26.027396442669776
7.923993737152653,8.17376351503912,25.973509739316164
7.9489707149413,8.252604841229324,25.92857132195577
7.979334127570103,8.334736051815662,25.893139895419427
8.014874319994659,8.419502098642463,25.867712603100326
8.05533709785944,8.506207232658632,25.852719445259822
8.10042411133936,8.594115847453153,25.84851726021938
8.14979328495074,8.682453915583116,25.85538329887706
8.203059348013976,8.770411204323334,25.873508457088143
8.259794533644913,8.857144455575659,25.902990267721304
8.319529525837988,8.94178170625666,25.94382579416074
8.381754743879855,9.023427909351554,25.99590460883779
8.445922060427025,9.101171990778655,26.0590020827881
8.511447053462188,9.174095442153098,26.132773253506997
8.57771189233128,9.241282503627403,26.216747576273093
8.644068953460891,9.301831933811437,26.310324895890055
8.709845251495945,9.354870295562048,26.41277299829336
8.774347755902555,9.399566608245035,26.523227111227154
8.836869641136804,9.435148130988402,26.640691716682877
8.896697490121964,9.460916950696427,26.764045011688268
8.95311943617941,9.47626695761363,26.892046305605046
9.005434188322832,9.480700705594236,27.023346569595265
9.052960840049973,9.47384558046139,27.156502257040206
9.095049314091115,9.455468645013632,27.289992393965107
9.131091247183367,9.425489500466167,27.422238799601786
9.160531072511647,9.383990507860688,27.551629145060325
9.18287701604655,9.331223754268915,27.676542400839505
9.197711689868786,9.267614230256191,27.795376071597087
9.204701943907526,9.193758806936613,27.906574480449382
9.203607630210435,9.110420759481428,28.008657256590997
9.194288943137535,9.018519771958438,28.100247109912477
9.176712026019626,8.919117565296355,28.180095953209324
9.1509525799473,8.813399502646858,28.24710846201979
9.117197272217256,8.70265272943992,28.30036224553445
9.075742817939522,8.588241583688884,28.339123936245905
9.026992694514458,8.471581151564244,28.36286068333162
8.971451540219437,8.35410993267299,28.371246743437677
8.909717379464793,8.237262611664107,28.364165087839087
8.842471902684725,8.122443905426325,28.341704170666972
8.770469102958884,8.011004371090532,28.30415021293117
8.694522629772049,7.904218926927915,28.251975537122853
8.615492259487635,7.8032686675619995,28.18582362610805
8.53426990029507,7.709226360762742,28.106491670785996
8.451765546341838,7.623045810548904,28.01491141108389
8.368893572762545,7.545555074938953,27.912129066186147
8.286559722980186,7.477453349121838,27.799285098117007
8.205649085594352,7.419311175848074,27.677594466366852
8.127015294619724,7.371573530812068,27.548327920255446
8.05147111823896,7.334565254506314,27.412794750685205
7.9797805318656945,7.308498263014615,27.2723272937819
7.912652304980586,7.2934799653309605,27.128267354178163
7.850735071015624,7.28952233897054,26.981954601990136
7.794613797811116,7.296551162681256,26.83471689937881
7.74480753429813,7.314414968399023,26.68786243241941
7.7017682777082195,7.342893347909371,26.542673462450626
7.665880784728334,7.381704327401878,26.400401467320506
7.637463138995689,7.430510600677333,26.262263415145053
7.616767885163854,7.488924485791698,26.129438898907082
7.603983545226638,7.556511538154194,26.00306785678085
7.599236344519394,7.632792814352378,25.884248607887756
7.602591991502692,7.7172458349579225,25.774035943994214
7.614057375848215,7.809304341663967,25.67343903263412
7.63358207242979,7.908356985186655,25.58341890499278
7.661059563705477,8.013745116568987,25.504885321904595
7.696328118991828,8.124759887074944,25.438692833317695
7.73917129580014,8.240638891887318,25.38563587088541
7.789318055408858,8.360562621216577,25.346442740706618
7.84644251198963,8.483651009713164,25.32176841474263
7.910163361761983,8.6089604012912,25.31218605641113
7.980043065714905,8.735481271076386,25.318177259731698
8.055586886251053,8.862137067985168,25.34012103356821
8.136241904424464,8.987784558515346,25.378281624163264
8.221396169833552,9.111216062041017,25.432795341048227
8.310378159054299,9.231163966923456,25.50365663363684
8.402456739841215,9.346307901147465,25.590703757540222
8.49684185597184,9.455284896643294,25.69360446883876
8.592686160038987,9.556702828532833,25.811842287702433
8.689087826888372,9.649157325151924,25.944703974667096
8.785094776714727,9.731252228644127,26.09126895654639
8.879710521907667,9.801623537557662,26.25040151561937
8.971901823472667,9.858966582890769,26.420746605118474
9.060608299414477,9.902065981194491,26.600730164941254
9.144754067592478,9.929827680189083,26.788564772648428
9.223261428852139,9.941312175616673,26.98226136606682
9.295066503528592,9.935767748730592,27.179647607720472
9.359136628048791,9.912662371668956,27.37839322472858
9.414489202410808,9.871712775339127,27.576042353577495
9.46021155970364,9.812909094430978,27.770052557476074
9.495481313176374,9.73653351802556,27.957839783104614
9.519586533661291,9.6431714983622,28.136828109643762
9.531945030131382,9.533714313078667,28.30450274876255
9.53212195842611,9.409352135320596,28.458464416447974
9.519844976115559,9.271557226655583,28.596482953045893
9.49501620116956,9.122057401950102,28.716547949147454
9.457720321247615,8.962800484069902,28.81691416536534
9.408228337529843,8.795911022204296,28.896139723690357
9.346996605997289,8.623641040554155,28.953115391060216
9.274661049452975,8.448316966894977,28.987083749339263
9.192026641197176,8.272285125200579,28.99764761241982
9.100052489597516,8.097858239629677,28.984767661966185
8.999833064600733,7.927265283093875,28.948749874653252
8.892576286450046,7.7626067253435345,28.890223853395664
8.779579330339395,7.605816822806714,28.810113608840055
8.662203079586128,7.4586340876246595,28.709602634282934
8.541846180389982,7.322580525508732,28.59009526233534
8.419919614901858,7.198949690627191,28.453176286930546
8.29782262247439,7.08880311464757,28.3005706963471
8.176920671691708,6.992974260263076,28.134105119621076
8.058526030548844,6.912078848412353,27.955672274284712
7.943881312335195,6.846530221243746,27.767199353555156
7.834146203226051,6.796558326079237,27.570620938915784
7.73038741551137,6.762230926229821,27.367856696597276
7.633571766583215,6.743475743341764,27.160793833217102
7.5445621642590694,6.740102390919311,26.95127405809477
7.464116186925094,6.75182314762987,26.741084631363197
7.392886882995572,6.778271821963679,26.53195296566831
7.3314253768923825,6.8190201603813545,26.32554418833689
7.28018485524128,6.87359143707866,26.123461051141515
7.239525513425018,6.941471027065372,25.927245585924435
7.209720064789053,7.022113901432363,25.738381936311185
7.190959448453384,7.1149490937447055,25.55829983960013
7.183358412982516,7.219381271194434,25.38837828132008
7.186960698803707,7.334789606926563,25.229948892394507
7.201743589615993,7.460524195297681,25.084298701653736
7.227621650184162,7.595900284690706,24.95267189259624
7.264449513634816,7.74019062788666,24.83627024229638
7.312023625060001,7.892616272604014,24.73625194292373
7.370082889814403,8.052336138873828,24.653728524267233
7.438308214720346,8.21843575896481,24.589759611621588
7.516320969144792,8.389915592325625,24.545345270825607
7.603680431462876,8.565679374222857,24.521415715229775
7.699880325738874,8.744523013033644,24.518818182556615
7.804344594468351,8.92512461676783,24.53830083808206
7.9164225966982995,9.106036302020051,24.58049362964482
8.035383967230475,9.285678513998185,24.645886114997623
8.160413421907245,9.462337658216336,24.734802407826727
8.290605845538154,9.634167904197673,24.84737354923862
8.424962051404107,9.799198057970502,24.983507808693293
8.562385652060746,9.955344399791954,25.142859651520748
8.701681526833866,10.100430331051461,25.32479837464788
8.841556407255625,10.232213553379772,25.528377698238433
8.98062212186804,10.348421297830534,25.752307892651668
9.117402039464288,10.446793819476234,25.99493229451803
9.250341217465483,10.525135965153725,26.254210292753104
9.377820692234307,10.581376110361917,26.527709008658586
9.498176234047069,10.613631158494215,26.812605913495016
9.609721726491783,10.620275629838169,27.10570448140066
9.71077711682642,10.60001218428967,27.403464629843846
9.799700623572745,10.551940282665672,27.702049130620825
9.874924589482038,10.475619173043507,27.99738637815035
9.934994047838185,10.37112107449978,28.28524890168571
9.978606750504344,10.239070402350782,28.5613458590864
10.004653115688988,10.080665202538801,28.821426539868632
10.01225432437397,9.89767767459935,29.06139075074011
10.000796659396508,9.692431756513875,29.277400991708042
9.969960169108244,9.4677571632429,29.465990689915554
9.91973986852171,9.226920903743055,29.62416255626768
9.850457972043845,8.973538994081938,29.749471439626106
9.762766074247654,8.711472655247839,29.840086888453083
9.657636732347672,8.444714550212783,29.89483193504823
9.536344514134184,8.177271419735183,29.913196271123535
9.400437204694283,7.913049717891922,29.895323811668685
9.251698456014047,7.6557504959714695,29.84197644639752
9.092103660009789,7.408778884560253,29.754477358259
8.923771182464835,7.175172195610341,29.63463848483056
8.748911283779385,6.9575490756074485,29.484677407252516
8.569775062962192,6.7580804756405355,29.307129139209422
8.388605604230026,6.578481643871449,29.10475799083353
8.207593208194169,6.420023036700494,28.880473990929012
8.028836191044801,6.283557082854083,28.6372573925623
7.854308280225729,6.169557159861392,28.378093700580454
7.685833168189296,6.078164943431076,28.105920574091893
7.525066345713474,6.009242415381274,27.823586976022256
7.373483952680254,5.962425188324266,27.53382413529386
7.232378076244656,5.937174339016399,27.23922728947101
7.10285770252183,5.932824554352585,26.94224679032856
6.985854387704906,5.948627014135879,26.645186961755737
6.882131650348003,5.983786010071905,26.350211064050796
6.792297086320393,6.037488796496086,26.059350799897697
6.716816257337962,6.108928567605374,25.774518954178415
6.656027488364703,6.19732075461904,25.49752395591174
6.610156814990137,6.301913040457106,25.230085356723666
6.579332437536833,6.4219896116144755,24.973849414862897
6.563598154944597,6.556870222554966,24.730404142785417
6.562925361705634,6.705904653687698,24.501293311927537
6.577223290903841,6.86846311571402,24.288029007524806
6.606347273384858,7.043923105225552,24.092102389764694
6.650104856568928,7.231653161393749,23.91499234803903
6.7082596870514095,7.43099392203408,23.758171736854052
6.780533110549676,7.641236838184312,23.623110860157
6.86660348331314,7.861600887141577,23.511277831088083
6.966103223695984,8.091207631076916,23.42413538261971
7.078613664434077,8.329055007389439,23.3631336480409
7.203657798729614,8.573990312506867,23.32969837663111
7.340691050107339,8.824682956497806,23.325214008396838
7.4890902407463855,9.079597723830114,23.351001013494237
7.648140989054759,9.336969475982615,23.408286920168784
7.817023837747544,9.59478047138115,23.49817052525911
7.994799501110904,9.850741749842578,23.621578921212944
8.180393725984072,10.102280318907555,23.779217202252738
8.37258238527642,10.34653416689281,23.971511048915236
8.569977563438059,10.580357381535212,24.19854285142137
8.771015545247774,10.80033783243676,24.459982629112595
8.973947773966673,11.002829928017398,24.7550157358919
9.176835989371746,11.184004821871723,25.08227019433344
9.377552872621743,11.33992005253204,25.439747435364477
9.573789590612773,11.46660988992807,25.824761169060654
9.763071620544302,11.560196579796228,26.233889975257146
9.942784116469495,11.617021200611523,26.662949847478174
10.110207824883698,11.63379099879958,27.10699319028672
10.262566142275286,11.60773793316396,27.56034048643699
10.397083321364153,11.53678090221253,28.016649856478264
10.511053079448992,11.419681993739474,28.469027916645107
10.60191597087804,11.256185400526078,28.910182674734138
10.667342913842843,11.047126744164014,29.332615787764578
10.70532129687496,10.794500780917518,29.728847592017672
10.714239245279217,10.501477083649565,30.0916643138881
10.692963029116251,10.17235639401497,30.414373311214803
10.640902365606124,9.812464784521772,30.69104966465104
10.558058607497689,9.427988169251066,30.916756470974125
10.445051563673026,9.025755429915126,31.087722148165625
10.303121950297236,8.612983705097122,31.201461032880193
10.134108125777225,8.197003433637258,31.256828286698774
9.940397656563228,7.784982899255934,31.254006056758612
9.724856180832498,7.383671928452916,31.194424152926533
9.490737755594541,6.999182054490505,31.080624318088372
9.241582185484138,6.63681625868076,30.916081683434342
8.9811055928038,6.300956010723518,30.704999667588314
8.713090634595773,5.995007574185185,30.452095189131825
8.441282328554713,5.721404222167714,30.162389760911278
8.169294517916013,5.4816567551837565,29.841019250838006
7.900530741642787,5.276441902899431,29.493071422274525
7.638121857768452,5.105716917158954,29.12345643228403
7.384881363707502,4.968848776670573,28.736811807268424
7.14327810500381,4.864747611063304,28.33744041304042
6.915425055609759,4.791995827810521,27.92927778632412
6.703082132829835,4.748966611216839,27.51588392549566
6.5076705806685355,4.733927643196928,27.10045415322631
6.330296286921375,4.745127847195076,26.685843792353403
6.171779442948745,4.780866550340124,26.274601943144642
6.032688153687883,4.839545647418759,25.869010430276155
5.913373903060971,4.919706146273626,25.471124849099606
5.8140071273822365,5.020050928025227,25.082815472484647
5.734611507446536,5.139455735093609,24.705806511971996
5.675095930211243,5.276970376584681,24.341712824990875
5.635283374848587,5.431811979403217,23.992073614071128
5.61493623530405,5.603351868911604,23.658382981790908
5.613777798664805,5.791097377376038,23.342117403422254
5.6315097565359284,5.99466958269683,23.04476027820119
5.667825739152018,6.213777695262706,22.76782373987082
5.722420934763087,6.448190551099483,22.512867865060052
5.794997896396726,6.697705443596404,22.281517328001318
5.885268651116694,6.962114339708575,22.07547542215121
5.992953219975882,7.241167384019327,21.89653521025028
6.117774636380227,7.534533499826534,21.746587378548035
6.259450522724857,7.8417578560916565,21.627624161208715
6.417681256061537,8.162215990281954,21.541738470023763
6.592134729483579,8.495064470055853,21.49111711651071
6.782427703540806,8.839188154419205,21.478026755292998
6.988103748628646,9.193144393041539,21.504790921305275
7.208607813069936,9.555104898220659,21.573756298017447
7.443257521585008,9.922796554826482,21.687246168310477
7.691211424909156,10.293443113674593,21.8474989047409
7.9514345937857,10.663710549694077,22.056589406723273
8.222662189376537,11.029659850161666,22.316331658840202
8.50336195545505,11.38671209931816,22.628161151387218
8.791696969841361,11.729631879286272,22.992996865314176
9.085490460785852,12.052536103365444,23.41108397274389
9.382195025043812,12.348936270241616,23.881820418091422
9.678869149563592,12.611822547395397,24.403573158001425
9.972164489346772,12.833797770018267,24.973493008858945
10.258327817413921,13.00726804775625,25.587340619145714
10.533221840448153,13.12469387568431,26.239339732397067
10.79236904397177,13.17890118877071,26.922077128005352
11.031022258451664,13.163445591238046,27.62647072349106
11.244264591730301,13.0730152329592,28.341827450679943
11.42713965585319,12.903849097627988,29.05600980823962
11.57481060003067,12.65413889108466,29.755723737386397
11.68274342913607,12.324375804911558,30.426930380763963
11.746906666713619,11.917599997274033,31.0553707751406
11.76397599976966,11.439512444023482,31.627176903062228
11.731529644195042,10.898417099237818,32.12952701738615
11.64821838969932,10.30497624203574,32.55129066300096
11.513894174932961,9.671782203639037,32.88360238299989
11.329682977803568,9.012771571299535,33.12030508721023
11.097991837153165,8.342529521709272,33.25821539809313
10.822445605608776,7.675547910831873,33.29718289947537
10.507755836131086,7.025507693798223,33.23994001973824
10.159531021897799,6.404652513626427,33.09176481392481
9.784043171070662,5.823306562657395,32.86000041118678
9.387969510229336,5.289568958686095,32.55348856162932
8.978129455075011,4.809193151281693,32.181978654383215
8.561235824695679,4.3856377623947465,31.755568143799668
8.143676018465586,4.020258339422964,31.284217784553864
7.731334250561323,3.7125996999138393,30.777368791233712
7.3294607954965745,3.4607460382936477,30.243672448986487
6.942589319776282,3.2616894853828886,29.69082854112195
6.574499336336943,3.1116853088173984,29.125518819215156
6.228217933584988,3.0065712284295767,28.553416047346513
5.906053263069447,2.942037558637108,27.97924742785233
5.609651692626214,2.9138428410152355,27.406892468342214
5.340070807465116,2.917975679293818,26.839498436771233
5.097861294647986,2.9507675276990355,26.279600445876234
4.883151917953091,3.008963435405017,25.72923713634248
4.695733069698283,3.0897586013798257,25.1900564017465
4.535135622866438,3.190808466149087,24.663408380785434
4.400702907194702,3.3102193366001718,24.15042498203692
4.29165455013525,3.4465255029643123,23.652086567762886
4.207141645418156,3.598657672585215,23.16927722785875
4.146293248134862,3.7659064453808155,22.702830460735218
4.108254567859458,3.9478835638757994,22.253567173124846
4.092217467461092,4.144482817336115,21.82232782202155
4.0974440024485945,4.355841769112472,21.410000329887925
4.123283779114982,4.582304897665737,21.01754516508223
4.169185890970057,4.824388276281274,20.64601872856841
4.234706129501179,5.082745543111567,20.296595944480252
4.319510070862218,5.358134611399789,19.970592723021873
4.423372524915974,5.651384321245406,19.66948874789106
4.5461737045489174,5.963360023943772,19.394950829290675
4.687892336488403,6.294926906366626,19.148856845825705
4.848595793476226,6.6469096989191145,18.93332005930146
5.028427184020514,7.020047264142585,18.750713308444713
5.227589192032721,7.414940437827317,18.60369225184742
5.446324316612181,7.831991401741601,18.49521641672168
5.684891025125123,8.271332827261634,18.42856629779713
5.943535205338774,8.73274507450135,18.40735412074443
6.222456192255032,9.21555990871337,18.43552512208672
6.521766563900865,9.718549568923628,18.51734529702178
6.841444864403141,10.239800677023398,18.657370538716727
7.181280445665167,10.776573513732343,18.860390975227617
7.540809752471885,11.325148734301248,19.131343182342604
7.919243650654821,11.880665785177406,19.475181951051603
8.31538586410708,12.436960239396853,19.896702636538407
8.727543301636057,12.986411080490733,20.400305133235474
9.153430079521526,13.519813629974912,20.989691646727486
9.590068434566865,14.02629916715082,21.667493223649462
10.03369150782526,14.493327908954912,22.434825093318988
10.479655147938225,14.906787111872639,23.29077890243256
10.922368344331666,15.251229371932931,24.231871347995913
11.355254447091792,15.510285969273788,25.251483561090772
11.770757599309992,15.66728414473934,26.339343103410968
12.160410253852927,15.706083201145665,27.481118659725738
12.5149775485822,15.61212046884225,28.65821298087051
12.824691840608205,15.373624057376029,29.847847339580508
13.079585062284988,14.982907089816191,31.023524653950446
13.269917265038108,14.437613539925422,32.15593274079407
13.38668689252684,13.741748568232165,33.21430057283361
13.422193060097372,12.906308991229375,34.16815074527891
13.370604653210572,11.94934480004791,34.989309768473646
13.228478667894306,10.895338374916593,35.6539611598444
12.995164638596535,9.773882371888494,36.144476374969294
12.67303641192573,8.61775543429075,36.45075577744645
12.267508314162232,7.4606105231891355,36.57086690745959
11.786818535064922,6.33457260748886,36.51087480614682
11.241593942307317,5.268065512266887,36.28389605619955
10.644241099303274,4.284142899903454,35.90854002820467
10.008231279363292,3.399497402867407,35.406993460090284
9.347357891713703,2.624193392505584,34.80303653023613
8.67504144179289,1.9620472865953356,34.1202483042647
8.003742026273136,1.4114927369937929,33.380583431370695
7.344517097345201,0.9667297922685494,32.60340677725604
6.706738366837536,0.6189644965299462,31.804984231407506
6.097960979806777,0.3575845142647212,30.99836364793585
5.523923333252571,0.1711696238382348,30.19354598147392
4.988647962311138,0.0482881293035904,29.397840034091924
4.494611979010383,-0.02192807036654161,28.616306557961348
4.04295797407269,-0.049409378044433516,27.852219468071585
3.633721238860978,-0.04294057946426228,27.107496015200088
3.266055057028454,-0.010080066816264686,26.38306911383867
2.9384415446439824,0.042830586828025104,25.6791913836043
2.6488804488623865,0.11059788551559327,24.995671498465356
2.3950521925277073,0.18907297695718883,24.33204986427256
2.1744542709706556,0.27503156733418005,23.687723597705382
1.984512000607008,0.3660497300665933,23.062031404095656
1.8226657735529666,0.46038381213785445,22.454308200807798
1.6864375774114553,0.5568594003470859,21.86391790695707
1.5734797597050183,0.6547720005415063,21.290271182285682
1.481608983788667,0.7538005054139209,20.73283332232547
1.4088281359511925,0.8539334947231039,20.191126143071514
1.3533386718283835,0.9554077717732183,19.664726567925577
1.313545581822867,1.0586581728143862,19.15326376229662
1.2880568409220188,1.1642775040721176,18.65641601962432
1.2756789072370287,1.2729854016779192,18.173908148472854
1.2754095566811177,1.3856049288168082,17.705509804108324
1.2864290938946867,1.5030457912986432,17.25103501367874
1.3080907636350825,1.6262931462622465,16.810343031667802
1.3399110018977989,1.756401084084827,16.38334060792588
1.3815600101165018,1.8944899704913738,15.969985736410962
1.432853006153989,2.0417469370635173,15.570292965934646
1.493742399244942,2.1994288985866213,15.184340385875494
1.56431104917911,2.3688675509998434,14.812278444251582
1.6447666993611834,2.551475860921393,14.454340809245583
1.7354376155172042,2.748755593890665,14.110857546301707
1.8367694133545502,2.962305440566008,13.782270950268673
1.949323016075696,3.1938292846194374,13.469154445190629
2.07377364293007,3.445144108603554,13.172235042658132
2.2109106894974184,3.7181869490384956,12.89241993200576
2.3616383154515264,4.0150201821957765,12.630827859864063
2.5269765021259514,4.33783423840297,12.388826038596868
2.708062275753653,4.688946593729603,12.168073396139903
2.906150707551248,5.070795559676449,11.970571032744532
3.122615192763768,5.485926967428004,11.798720766240692
3.358946370230192,5.936971304529173,11.655392601423104
3.61674886366009,6.426608188426756,11.544001814186911
3.8977347961367563,6.957514233931808,11.468596044435404
4.203712739916261,7.5322893758584595,11.433952269825921
4.536570403510481,8.153355541033811,11.445682684064218
4.898248917262814,8.822820245481426,11.51034719352336
5.290706050084675,9.542296283080251,11.63556829884241
5.715865073384233,10.312667298324568,11.830141324305878
6.175545295878266,11.133787929800913,12.104129037230306
6.6713695592705315,12.004106761983108,12.468924379656048
7.20464327954179,12.92020114552619,12.937258053913164
7.776199066140229,13.876215959404396,13.523118909343246
8.386200755466646,14.863204891988234,14.241544580944899
9.033901169118804,15.868384535361692,15.108228259724841
9.717349505743094,16.87433060797292,16.138876348859153
10.433047615966077,17.8581741423829,17.348243994820887
11.175560268607759,18.790895176915935,18.748775966575945
11.937093759438577,19.636862342586006,20.348796422974402
12.70707061775332,20.35382506387521,22.15023252094146
13.47174606236551,20.893620897774795,24.145934577996954
14.213933545906439,21.203894595526734,26.316778539831923
14.912929650868469,21.23110762935019,28.628905265721954
15.544747448716642,20.925008353208966,31.03164793683453
16.082773539165874,20.24449625436172,33.4568770273148
16.49894581068546,19.164434117204298,35.82057012665366
16.765494641337344,17.682478148749013,38.027284523198276
16.85719299207851,15.824529517853067,39.97777852906382
16.753926644655966,13.647166979866507,41.57927591586837
16.44325067817702,11.23563338424782,42.756931569659095
15.9224889487841,8.696757799999254,43.464250090454335
15.199915833905616,6.147496710334335,43.68994372098295
14.294673921548487,3.7011635032544237,43.45929288095301
13.23532287971908,1.454296360312488,42.82944765822118
12.057220227778421,-0.5229718821351497,41.879809872917306
10.799201016787064,-2.19126140688837,40.699959071414455
9.50015477441952,-3.5408429019912173,39.377988105376915
8.196055006778447,-4.586360953197156,37.99152286655865
6.917813410780887,-5.359408053823178,36.602514923583634
5.690091264320481,-5.900919904333042,35.25569400986888
4.530990147455128,-6.254766316311086,33.97977444161471
3.452414501078507,-6.463161643937577,32.79024427763325
2.4608568865768983,-6.563909115576295,31.692702633739586
1.558380286361579,-6.589142151483719,30.686035487340554
0.7436280425770492,-6.565109377488273,29.765057315349075
0.012754300570516963,-6.512583744877884,28.922502459249575
-0.6397795039743233,-6.447575566165528,28.15040509249719
-1.2205591101934439,-6.382137549549142,27.440977890339518
-1.736716954129014,-6.325139369341107,26.787116241216562
-2.1955591956502234,-6.282952333520365,26.182642909250422
-2.6042985094372377,-6.260023960908915,25.622385036054006
-2.9698710545844054,-6.259343912366028,25.10215114579693
-3.2988183403625677,-6.282812847568951,24.61865489163593
-3.597217791083206,-6.331529151678928,24.169416010365232
-3.870648927142778,-6.406008308939665,23.75265714318064
-4.124184865322467,-6.506347956569822,23.367207044578475
-4.362401174447203,-6.632349422913344,23.012415341099786
-4.589395999293817,-6.783604380420622,22.688080621122406
-4.808816837406497,-6.959553352076337,22.394391605935418
-5.023890488873481,-7.1595212588484225,22.131880003180076
-5.237453565870975,-7.382733968655858,21.901383044000767
-5.451981606149464,-7.628318860200093,21.704013426327545
-5.669615331554527,-7.895291701520354,21.54113427607535
-5.89218296855111,-8.182531625833303,21.41433669749369
-6.121217834279329,-8.488745641051366,21.32541745374752
-6.357970614956533,-8.812423921825754,21.276354267067564
-6.603415945643455,-9.15178710256112,21.269276143360845
-6.858253061335222,-9.504726923942046,21.30642601504642
-7.122900447595904,-9.868741897438444,21.39011287987799
-7.397484592580158,-10.240870157728814,21.522650530532637
-7.681823149095023,-10.617622385162948,21.706279975115894
-7.975403072701815,-10.994918603122095,21.94307281671308
-8.277354625743843,-11.36803377377805,22.23481328438186
-8.586422540547265,-11.731558385328258,22.582857399561618
-8.900936125025364,-12.079381554772604,22.98796904246193
-9.218780668000088,-12.404705413321839,23.450134571151352
-9.537373142532264,-12.700100473763339,23.968360233819656
-9.85364587565537,-12.95761199728904,24.540459932577114
-10.164042487818737,-13.16892670448641,25.162844867862688
-10.464530909485504,-13.325607090517313,25.830330976820058
-10.750638527588684,-13.419396705176336,26.5359844236353
-11.017514345347449,-13.442593760727135,27.27102900469501
-11.260022286885418,-13.388482307101013,28.0248412605447
-11.472868288906977,-13.251800352556327,28.785058251918795
-11.650761495271912,-13.029213649796924,29.53781829889199
-11.788606710724412,-12.719753971064401,30.268145751302125
-11.881721436758411,-12.325173649106745,30.9604769681546
-11.926066657993244,-11.850166286060157,31.599307048587427
-11.918476620799936,-11.302408865359169,32.16991759098367
-11.85686984525586,-10.692394123517564,32.659128080095826
-11.74042227308203,-10.033043429901658,33.0560012525272
-11.569684388763994,-9.339117098423632,33.35242955130531
-11.346627659729958,-8.626466721222434,33.54353780292188
-11.074611565879206,-7.911197460336289,33.627856520558254
-10.758270155324913,-7.208822236596094,33.607248068951975
-10.403325363452032,-6.533491118693041,33.4865993583434
-10.016341938976133,-5.897367424868575,33.27332371412412
-9.604444487565377,-5.310199615864102,32.976735568420104
-9.17502000039525,-4.779109814743631,32.60737112754681
-8.735428981830088,-4.308591494151338,32.17632551215581
-8.292745233062213,-3.9006856300454023,31.694664115253754
-7.853539272760532,-3.555289691449582,31.172946993822652
-7.423714314629437,-3.2705481562713494,30.620884479499114
-7.008397698793628,-3.043275698434159,30.04712371168977
-6.611885498757681,-2.8693723703482927,29.45915194339505
-6.237634185916742,-2.7442011908946315,28.863294173898268
-5.888290886414532,-2.6629100464695794,28.26477956087456
-5.565752802420036,-2.6206899552528187,27.66785199549759
-5.2712465177033145,-2.6129695925690655,27.075903733578212
-5.0054188251898895,-2.63555128890736,26.49161570267307
-4.768432071561636,-2.684696727592897,25.91709299763096
-4.560058537164762,-2.7571717658387365,25.353988457476838
-4.37976986003216,-2.8502597234195415,24.803610745103214
-4.2268188463708976,-2.961751619380622,24.267015941532758
-4.10031212367187,-3.0899205769021303,23.745083392055893
-3.999272968994896,-3.233486232660769,23.238577556294285
-3.922694295361483,-3.39157365106494,22.74819809565208
-3.8695822309318286,-3.5636700482598322,22.274620545901332
-3.838991012664629,-3.7495816137864577,21.818529807633798
-3.8300500727768116,-3.9493918827840746,21.380648447262683
-3.8419842537775377,-4.163422442919202,20.961761508683157
-3.874128072691704,-4.392196233069713,20.562739236460136
-3.925934888729505,-4.636403277818599,20.184558830760928
-3.9969817276384143,-4.896868376611699,19.828326102473383
-4.086970392535743,-5.174520005371918,19.49529767398043
-4.19572535381936,-5.470359471355917,19.186904169916343
-4.323188765573016,-5.7854291728415745,18.904774651336645
-4.4694128062998715,-6.120778641590122,18.65076235134147
-4.634549389828896,-6.477426879934774,18.426971553091526
-4.818837138839484,-6.85631934260977,18.235785192949717
-5.022585359216513,-7.258277758621875,18.079892450643506
-5.246154599157049,-7.683940850428168,17.962315181328822
-5.489933224284161,-8.133693905687492,17.886431526147966
-5.754309292424494,-8.60758512243735,17.855994382873934
-6.03963687542578,-9.105226729063324,17.875141603217724
-6.346195860789534,-9.625679143089396,17.948393791584884
-6.67414418901952,-10.167316968799806,18.08063440849424
-7.023461466997548,-10.727676561324891,18.277065552253408
-7.393882976430283,-11.303286350110556,18.543131367115432
-7.78482331379831,-11.889483286559678,18.884399629210346
-8.195289311074447,-12.480221836552,19.30639090588032
-8.623782563622202,-13.067886035023466,19.81434410122617
-9.068192910762328,-13.643120340789801,20.412907669182513
-9.525685653765075,-14.194701306258088,21.105747936221253
-9.992587219014377,-14.709479072969282,21.895070617180384
-10.464276404409867,-15.172424675477076,22.78105959321803
-10.935091231516589,-15.566824778269403,23.76124912602502
-11.398264586191871,-15.87466780563258,24.829862307351775
-11.845904908135942,-16.077261809530896,25.977169284487413
-12.269040598275438,-16.156111794447774,27.188941916023502
-12.657747717892672,-16.094059722101967,28.446103380093106
-13.001378918313602,-15.87665248446777,29.724686100481268
-13.288906274929019,-15.493652984548037,30.996211553517938
-13.509380945890921,-14.940552709556963,32.22858293577013
-13.652498122257526,-14.21989180505527,33.3875302384386
-13.709237490537301,-13.34216042236583,34.438566560419126
-13.672529783720154,-12.326060437387994,35.34931324414522
-13.53788284908694,-11.19796279080947,36.091949175429235
-13.303890843259193,-9.990504563324109,36.645464281521924
-12.972552215265685,-8.740416386784227,36.997377722476806
-12.54933863241754,-7.485822699863399,37.14463606281798
-12.042987039162126,-6.263373126639562,37.09353367450441
-11.46502564790987,-5.105606313550757,36.85866999037319
-10.82908371447396,-4.038901463955268,36.461131197293135
-10.15006548942209,-3.082249468769369,35.92621038604215
-9.443283887356818,-2.246911429069022,35.28102844870848
-8.723646641528038,-1.5368741284475775,34.55238324835404
-8.004969390219992,-0.9498986259780188,33.765057830022094
-7.299462313795795,-0.478908525096489,32.940695382135836
-6.617406934925864,-0.11347524238706969,32.09723458591919
-5.967013765671984,0.15879019566559838,31.248817448853824
-5.354433369538226,0.35105967810360345,30.40604061738382
-4.783884064774043,0.4763789230244102,29.576415611035547
-4.257857765994197,0.547029029005106,28.764921779354758
-3.777369086494267,0.5741280201010924,27.974565480578228
-3.342219375834731,0.5674259842261451,27.206890133414607
-2.9512548398286436,0.5352442527512097,26.46240844200189
-2.6026049305706582,0.48451356495148173,25.740947794967617
-2.293893081018444,0.4208742252296289,25.041912546504438
-2.0224163503936365,0.34881011955112323,24.364473807198653
-1.7852937033991605,0.2717965422095543,23.707700112783726
-1.579584678838289,0.19244841716997735,23.070642409888702
-1.4023813692374625,0.1126605557397272,22.452385393246054
-1.2508771767397435,0.03373523650011648,21.85207518544865
-1.1224159354157575,-0.0435051042132267,21.268931194129454
-1.0145248522955044,-0.11862064207198458,20.702248003841746
-0.9249344312731524,-0.1914719433111815,20.151391492966404
-0.8515881824769553,-0.26215170633545715,19.61579204308388
-0.7926445348628055,-0.33092911342749287,19.094936708219624
-0.7464729927192743,-0.39820531980158896,18.588361487532286
-0.7116462254275058,-0.4644786062715106,18.09564434303265
-0.6869294635119063,-0.5303177933945193,17.616399271687897
-0.6712682965001676,-0.5963426282367869,17.15027153361596
-0.6637757296738296,-0.6632099894056089,16.69693401838807
-0.6637191556470076,-0.7316048982065119,16.256084671510834
-0.670507729902958,-0.8022354648825946,15.827444882123594
-0.6836805034009217,-0.8758310332258281,15.410758736071026
-0.7028955563834123,-0.953142910941156,15.005793055792699
-0.7279202918391866,-1.0349471850298424,14.612338173471883
-0.7586229811582522,-1.1220492202176509,14.23020941274895
-0.7949656050641921,-1.2152895238677266,13.85924928498679
-0.8369979969445456,-1.3155507331112732,13.499330437770505
-0.8848532705612183,-1.4237655395595687,13.150359426048222
-0.9387444974610534,-1.540925414449171,12.812281410628852
-0.9989625891598651,-1.6680900328522705,12.485085925550203
-1.0658753335291056,-1.8063973198677998,12.168813896250564
-1.139927532162975,-1.9570740543540746,11.86356613580855
-1.2216421843820848,-2.121446966137722,11.569513598157389
-1.3116226625576486,-2.3009542494604163,11.286909726597491
-1.4105558212479254,-2.4971573866054775,11.016105304612564
-1.5192159777836807,-2.711753128039828,10.75756629537205
-1.6384696928092954,-2.946585404558896,10.511895247628024
-1.7692812639842554,-3.203656846727664,10.27985694985105
-1.9127188222585962,-3.485139449197881,10.062409131539857
-2.0699608849525246,-3.7933837315066783,9.860739139592228
-2.24230316960794,-4.130925498821555,9.67630765532811
-2.4311654025293015,-4.500488978067125,9.510900657913579
-2.6380977600830837,-4.904984674730532,9.36669097134863
-2.8647864515478285,-5.347499736097437,9.246310836282484
-3.1130577800027894,-5.831277885064035,9.152936995251228
-3.384879790508914,-6.3596850673847545,9.090389725252429
-3.682360318196498,-6.936155793364835,9.06324702716495
-4.007739865713332,-7.56411371245776,9.076974688317039
-4.363377250387775,-8.246858204548525,9.138072030703976
-4.75172534580385,-8.987406696499832,9.254231644654212
-5.1752934808734485,-9.788280055741478,9.434509016058154
-5.6365921383602515,-10.651215899768152,9.689494328577695
-6.138054514501041,-11.576792263939868,10.031473411195066
-6.681928289444924,-12.56394229877393,10.474557273754366
-7.270129690377825,-13.609340391161666,11.034749361185561
-7.904050760456209,-14.706642710989511,11.729906074663038
-8.58430995550954,-15.845572766512152,12.579529084374235
-9.310436236609801,-17.010858058843546,13.6043080559608
-10.080478418833176,-18.181051197523654,14.825311600670673
-10.890535696702223,-19.327312306391327,16.262706900269503
-11.734213357671134,-20.41229327818013,17.933882562202985
-12.602021349722033,-21.389350042383168,19.85086773833279
-13.480754218988146,-22.202411929391722,22.01700172421849
-14.352919990028504,-22.786941102582208,24.42293426112793
-15.196322101283874,-23.072485075047418,27.042247438793062
-15.983938398660229,-22.987303388431247,29.8272899892001
-16.68427489763733,-22.465357448308307,32.706172002608085
-17.262383152704427,-21.455513199754446,35.58218940928447
-17.68169615740943,-19.93209148056244,38.33706392095757
-17.90673568972473,-17.905002331655908,40.83907406980864
-17.90656235391785,-15.426893249650732,42.95623353738242
-17.658595443491137,-12.594477032985269,44.573160235406604
-17.15218360244055,-9.54194494448342,45.60855037660737
-16.391159736644838,-6.426274604714653,46.02897428268609
-15.39467122345182,-3.4068538851138106,45.85487590405535
-14.195889489618018,-0.6240859034780306,45.156553167957206
